{
  "stepIndex": 8354,
  "throttle": 1,
  "brake": 0,
  "fuel": 29.825244903564453,
  "gear": 3,
  "rpm": 4910,
  "steeringAngle": 0.011529241688549519,
  "speedKmh": 80.33938598632812,
  "velocity": [3.6773016452789307, -0.9794549345970154, -21.986461639404297],
  "accelerationG": [
    -0.3544059991836548, -0.02027316577732563, -0.2913568615913391
  ],
  "wheelSlipRatio": [
    0.12892784178256989, 0.21078187227249146, 0.0843980610370636,
    0.0847579687833786
  ],
  "wheelLoad": [
    3020.894775390625, 2537.763671875, 2616.120361328125, 1757.841552734375
  ],
  "wheelPressure": [
    40.118499755859375, 40.1055793762207, 40.16149139404297, 40.148983001708984
  ],
  "wheelAngularSpeed": [
    77.88240814208984, 76.95372009277344, 77.765380859375, 77.765380859375
  ],
  "tireWear": [
    98.99999237060547, 98.99999237060547, 98.99999237060547, 98.99999237060547
  ],
  "tireDirtyLevel": [0, 0, 0, 0],
  "tireCoreTemperature": [
    76.74063110351562, 76.65987396240234, 77.00931549072266, 76.93115234375
  ],
  "wheelCamberRad": [
    -0.037304580211639404, 0.04524781554937363, 0.0020439065992832184,
    0.0020439065992832184
  ],
  "suspensionTravel": [
    0.02808380126953125, 0.02325272560119629, 0.028742320835590363,
    0.026382453739643097
  ],
  "drs": 0,
  "tc": false,
  "heading": -2.9657466411590576,
  "pitch": -0.04887402802705765,
  "roll": 0.009018221870064735,
  "cgHeight": 0.48247814178466797,
  "carDamage": [0, 0, 0, 0, 0],
  "numberOfTiresOut": 0,
  "pitLimiterOn": 0,
  "abs": 0,
  "kersCharge": 0,
  "kersInput": 0,
  "autoShifterOn": 0,
  "rideHeight": [0.1443166732788086, 0.14525604248046875],
  "turboBoost": 0,
  "ballast": 0,
  "airDensity": 1.1849192380905151,
  "airTemp": 12,
  "roadTemp": 13,
  "localAngularVel": [
    0.09761039912700653, -0.03591325506567955, 0.03941135108470917
  ],
  "finalFF": 0.154298797249794,
  "performanceMeter": 0,
  "engineBrake": 0,
  "ersRecoveryLevel": 0,
  "ersPowerLevel": 0,
  "ersHeatCharging": 0,
  "ersIsCharging": false,
  "kersCurrentKJ": 0,
  "drsAvailable": 0,
  "drsEnabled": 0,
  "brakeTemp": [12, 12, 12, 12],
  "clutch": 1,
  "tireTempI": [
    71.7689437866211, 71.81195831298828, 74.62914276123047, 74.28035736083984
  ],
  "tireTempM": [
    71.95870208740234, 71.65437316894531, 74.65396118164062, 74.3062973022461
  ],
  "tireTempO": [
    72.11692810058594, 71.46800231933594, 74.61539459228516, 74.27250671386719
  ],
  "isAIControlled": true,
  "tireContactPoint": [
    [-284.9573059082031, 6.29677677154541, 312.9473571777344],
    [-283.57794189453125, 6.303106307983398, 313.19281005859375],
    [-285.36700439453125, 6.401547908782959, 315.2890930175781],
    [-283.99835205078125, 6.408114433288574, 315.5318298339844]
  ],
  "tireContactNormal": [
    [0.002807159209623933, 0.9990061521530151, -0.044483356177806854],
    [0.004149423446506262, 0.9989877343177795, -0.04479200020432472],
    [0.0026691362727433443, 0.9991108179092407, -0.042076509445905685],
    [0.0026691362727433443, 0.9991108179092407, -0.042076509445905685]
  ],
  "tireContactHeading": [
    [-0.181052565574646, 0.04425610974431038, 0.9824771881103516],
    [-0.18398939073085785, 0.04479037970304489, 0.9819071888923645],
    [-0.17465411126613617, 0.04189569130539894, 0.983738124370575],
    [-0.17465411126613617, 0.04189569130539894, 0.983738124370575]
  ],
  "brakeBias": 0.6699999570846558,
  "localVelocity": [
    0.22473430633544922, 0.11274939775466919, 22.31195068359375
  ],
  "P2PActivations": 0,
  "P2PStatus": 0,
  "currentMaxRpm": 8000,
  "mz": [0, 0, 0, 0],
  "fx": [0, 0, 0, 0],
  "fy": [0, 0, 0, 0],
  "slipRatio": [0, 0, 0, 0],
  "slipAngle": [0, 0, 0, 0],
  "tcinAction": 0,
  "absInAction": 0,
  "suspensionDamage": [0, 0, 0, 0],
  "tireTemp": [0, 0, 0, 0],
  "waterTemp": 0,
  "brakePressure": [0, 0, 0, 0],
  "frontBrakeCompound": 0,
  "rearBrakeCompound": 0,
  "padLife": [0, 0, 0, 0],
  "discLife": [0, 0, 0, 0],
  "isIgnitionOn": false,
  "isStarterEngineOn": false,
  "isEngineRunning": false,
  "kerbVibration": 0,
  "slipVibrations": 0,
  "gVibrations": 0,
  "absVibrations": 0
}
