{
  "stepIndex": 33883,
  "throttle": 0,
  "brake": 1,
  "fuel": 30,
  "gear": 0,
  "rpm": 980,
  "steeringAngle": 0,
  "speedKmh": 0.007418978959321976,
  "velocity": [
    0.0016892545390874147, -0.0000030405769848584896, 0.0000165235142048914
  ],
  "accelerationG": [0, 0, 0],
  "wheelSlipRatio": [
    0.037497181445360184, 0.03353045880794525, 0.005959236994385719,
    0.005964564625173807
  ],
  "wheelLoad": [
    2536.791748046875, 2514.122314453125, 2545.3369140625, 2519.41064453125
  ],
  "wheelPressure": [
    40.63999938964844, 40.63999938964844, 40.63999938964844, 40.63999938964844
  ],
  "wheelAngularSpeed": [0, 0, 0, 0],
  "tireWear": [
    98.99999237060547, 98.99999237060547, 98.99999237060547, 98.99999237060547
  ],
  "tireDirtyLevel": [0, 0, 0, 0],
  "tireCoreTemperature": [80, 80, 80, 80],
  "wheelCamberRad": [
    -0.04091683030128479, 0.04124905914068222, 0.00006616456084884703,
    0.00006616456084884703
  ],
  "suspensionTravel": [
    0.028237521648406982, 0.028059720993041992, 0.02727475017309189,
    0.027161963284015656
  ],
  "drs": 0,
  "tc": false,
  "heading": -3.135911464691162,
  "pitch": -0.008441486395895481,
  "roll": 0.020494066178798676,
  "cgHeight": 0.4868917465209961,
  "carDamage": [0, 0, 0, 0, 0],
  "numberOfTiresOut": 0,
  "pitLimiterOn": 0,
  "abs": 0,
  "kersCharge": 0,
  "kersInput": 0,
  "autoShifterOn": 0,
  "rideHeight": [0.1418137550354004, 0.14348602294921875],
  "turboBoost": 0,
  "ballast": 0,
  "airDensity": 1.2430000305175781,
  "airTemp": 12,
  "roadTemp": 13,
  "localAngularVel": [
    0.00007058695337036625, -0.000007655477020307444, -0.0010781268356367946
  ],
  "finalFF": 0.00006121322076069191,
  "performanceMeter": 0,
  "engineBrake": 0,
  "ersRecoveryLevel": 0,
  "ersPowerLevel": 0,
  "ersHeatCharging": 0,
  "ersIsCharging": false,
  "kersCurrentKJ": 0,
  "drsAvailable": 0,
  "drsEnabled": 0,
  "brakeTemp": [12, 12, 12, 12],
  "clutch": 0,
  "tireTempI": [80, 80, 80, 80],
  "tireTempM": [80, 80, 80, 80],
  "tireTempO": [80, 80, 80, 80],
  "isAIControlled": true,
  "tireContactPoint": [
    [-312.3707275390625, 7.611938953399658, 367.8265686035156],
    [-310.9696044921875, 7.640398979187012, 367.8342590332031],
    [-312.3781433105469, 7.620399475097656, 370.2064514160156],
    [-310.9884338378906, 7.648628234863281, 370.2141418457031]
  ],
  "tireContactNormal": [
    [-0.02028817869722843, 0.9997876286506653, -0.0036174566484987736],
    [-0.02028817869722843, 0.9997876286506653, -0.0036174566484987736],
    [-0.02028817869722843, 0.9997876286506653, -0.0036174566484987736],
    [-0.02028817869722843, 0.9997876286506653, -0.0036174566484987736]
  ],
  "tireContactHeading": [
    [-0.0041047814302146435, 0.003534875810146332, 0.9999853372573853],
    [-0.00705726956948638, 0.0034749035257846117, 0.9999690651893616],
    [-0.005583443678915501, 0.0035048441495746374, 0.999978244304657],
    [-0.005583443678915501, 0.0035048441495746374, 0.999978244304657]
  ],
  "brakeBias": 0.6699999570846558,
  "localVelocity": [
    -0.0016889028484001756, -0.000037716919905506074, -0.000006900293556100223
  ],
  "P2PActivations": 0,
  "P2PStatus": 0,
  "currentMaxRpm": 8000,
  "mz": [0, 0, 0, 0],
  "fx": [0, 0, 0, 0],
  "fy": [0, 0, 0, 0],
  "slipRatio": [0, 0, 0, 0],
  "slipAngle": [0, 0, 0, 0],
  "tcinAction": 0,
  "absInAction": 0,
  "suspensionDamage": [0, 0, 0, 0],
  "tireTemp": [0, 0, 0, 0],
  "waterTemp": 0,
  "brakePressure": [0, 0, 0, 0],
  "frontBrakeCompound": 0,
  "rearBrakeCompound": 0,
  "padLife": [0, 0, 0, 0],
  "discLife": [0, 0, 0, 0],
  "isIgnitionOn": false,
  "isStarterEngineOn": false,
  "isEngineRunning": false,
  "kerbVibration": 0,
  "slipVibrations": 0,
  "gVibrations": 0,
  "absVibrations": 0
}
