{
  "stepIndex": 2182,
  "status": 2,
  "session": 2,
  "currentLapTime": "0:56:621",
  "lastLapTime": "35791:23:647",
  "bestLapTime": "35791:23:647",
  "split": "0:56:621",
  "position": 21,
  "currentLapTimeMs": 56621,
  "lastLapTimeMs": 2147483647,
  "bestLapTimeMs": 2147483647,
  "sessionTimeLeft": 899661,
  "distanceTraveled": 0.44559425115585327,
  "currentSectorIndex": 0,
  "lastSectorTimeMs": 0,
  "normalizedCarPosition": 0.012770638801157475,
  "carsOnTrack": 21,
  "carCoordinates": [
    [-392.10650634765625, -11.23150634765625, 676.4274291992188],
    [-397.9884033203125, -10.98036003112793, 623.2672119140625],
    [-392.3929748535156, -11.018864631652832, 640.033447265625],
    [-346.03082275390625, -10.090057373046875, 388.715087890625],
    [-390.4314880371094, -10.889345169067383, 617.7291870117188],
    [-392.71240234375, -11.333656311035156, 687.0608520507812],
    [-392.4125671386719, -11.493599891662598, 709.1995239257812],
    [-390.2921447753906, -12.496158599853516, 885.385498046875],
    [-390.17535400390625, -10.835599899291992, 603.11767578125],
    [-397.43389892578125, -12.21597957611084, 837.54541015625],
    [-348.4017028808594, -10.138142585754395, 412.5503234863281],
    [-392.7148742675781, -11.552380561828613, 723.4113159179688],
    [-392.38555908203125, -11.060494422912598, 653.892822265625],
    [-398.61859130859375, -11.33545207977295, 691.0247802734375],
    [-356.31707763671875, -10.524303436279297, 492.26788330078125],
    [-399.3833923339844, -11.053183555603027, 634.3878173828125],
    [-400.66766357421875, -11.164850234985352, 652.66943359375],
    [-389.80023193359375, -10.776406288146973, 589.9445190429688],
    [-395.79913330078125, -10.844829559326172, 592.3153076171875],
    [-349.1983337402344, -10.232802391052246, 420.434326171875],
    [-398.6460876464844, -11.488040924072266, 716.65869140625]
  ],
  "carIDs": [
    1037, 1026, 1031, 1033, 1034, 1040, 1042, 1045, 1021, 1036, 1019, 1046,
    1012, 1041, 1035, 1029, 1015, 1032, 1038, 1039, 1047
  ],
  "playerCarID": 1035,
  "flag": 7,
  "penalty": 0,
  "isIdealLineOn": true,
  "isInPitLane": true,
  "isMandatoryPitDone": false,
  "mainDisplayIndex": 4,
  "secondaryDisplayIndex": 0,
  "tractionControlLevel": 6,
  "engineMap": 1,
  "abs2": 6,
  "averageFuelConsumptionPerLap": 1079152476,
  "exhaustTemperature": 147.8486328125,
  "driverStintTotalTimeLeft": 65535000,
  "driverStintTimeLeft": -1000,
  "sessionIndex": 1,
  "usedFuel": 0,
  "deltaLapTime": "-:--:---",
  "estimatedLapTime": "35791:23:647",
  "iEstimatedLapTime": 2147483647,
  "iSplit": 56621,
  "isValidLap": true,
  "fuelEstimatedLaps": 18.844985961914062,
  "trackStatus": "OPTIMUM",
  "missingMandatoryPits": 255,
  "clock": 46800,
  "globalYellow": false,
  "globalYellow1": false,
  "globalYellow2": false,
  "globalGreen": true,
  "globalRed": false,
  "mfdTireSet": 0,
  "mfdTirePressureLF": 25.80000114440918,
  "mfdTirePressureRF": 25.80000114440918,
  "mfdTirePressureLR": 24.700000762939453,
  "mfdTirePressureRR": 24.700000762939453,
  "trackGripStatus": 2,
  "currentTireSet": 2,
  "strategyTireSet": 2,
  "gapAhead": 0,
  "gapBehind": 0,
  "throttle": 0,
  "brake": 0,
  "fuel": 0,
  "gear": -1,
  "rpm": 0,
  "steeringAngle": 0,
  "speedKmh": 0,
  "velocity": [0, 0, 0],
  "accelerationG": [0, 0, 0],
  "wheelSlipRatio": [0, 0, 0, 0],
  "wheelPressure": [0, 0, 0, 0],
  "wheelAngularSpeed": [0, 0, 0, 0],
  "tireCoreTemperature": [0, 0, 0, 0],
  "suspensionTravel": [0, 0, 0, 0],
  "tc": false,
  "heading": 0,
  "pitch": 0,
  "roll": 0,
  "pitLimiterOn": 0,
  "abs1": 0,
  "autoShifterOn": 0,
  "turboBoost": 0,
  "airTemp": 0,
  "roadTemp": 0,
  "localAngularVel": [0, 0, 0],
  "finalFF": 0,
  "tireContactPoint": [
    [0, 0, 0],
    [0, 0, 0],
    [0, 0, 0],
    [0, 0, 0]
  ],
  "tireContactNormal": [
    [0, 0, 0],
    [0, 0, 0],
    [0, 0, 0],
    [0, 0, 0]
  ],
  "tireContactHeading": [
    [0, 0, 0],
    [0, 0, 0],
    [0, 0, 0],
    [0, 0, 0]
  ],
  "brakeBias": 0,
  "localVelocity": [0, 0, 0],
  "currentMaxRpm": 0,
  "smVersion": "1.9",
  "acVersion": "1.7",
  "numCars": 21,
  "carModel": "lamborghini_huracan_gt3_evo",
  "track": "monza",
  "playerName": "Alexander",
  "playerSurname": "Akhilchenok",
  "sectorCount": 3,
  "penaltiesEnabled": 1,
  "aidFuelRate": 1,
  "aidTireRate": 1,
  "aidMechanicalDamage": 0.800000011920929,
  "aidStability": 1,
  "aidAutoClutch": true,
  "aidAutoBlip": true,
  "trackConfiguration": "track config",
  "carSkin": "skin",
  "pitWindowStart": 450500,
  "pitWindowEnd": 449500,
  "isOnline": true,
  "dryTiresName": "DHE",
  "wetTiresName": "WH"
}
