{
  "stepIndex": 23166,
  "status": 1,
  "session": 2,
  "currentLapTime": "3:20:145",
  "lastLapTime": "35791:23:647",
  "bestLapTime": "35791:23:647",
  "split": "2:11:645",
  "completedLaps": 0,
  "position": 32,
  "currentLapTimeMs": 200145,
  "lastLapTimeMs": 2147483647,
  "bestLapTimeMs": 2147483647,
  "sessionTimeLeft": 399905,
  "distanceTraveled": 3640.631591796875,
  "isInPit": false,
  "currentSectorIndex": 1,
  "lastSectorTimeMs": 68500,
  "numberOfLaps": 0,
  "tyreCompoundName": "dry_compound",
  "replayTimeMultiplier": 0,
  "normalizedCarPosition": 0.5641618967056274,
  "carsOnTrack": 32,
  "carCoordinates": [
    [-405.67559814453125, 28.605403900146484, 394.8581237792969],
    [-446.32781982421875, 21.10610580444336, 474.30035400390625],
    [-628.965576171875, 9.63740062713623, 648.123291015625],
    [-635.5281982421875, 9.211313247680664, 663.7880859375],
    [-609.33935546875, 8.989864349365234, 711.0866088867188],
    [-415.3066711425781, 19.685361862182617, 507.71685791015625],
    [-532.4971313476562, 10.893991470336914, 647.568603515625],
    [-443.25555419921875, 17.414392471313477, 535.8405151367188],
    [-478.5450134277344, 14.541866302490234, 574.1547241210938],
    [-379.8877868652344, 22.158607482910156, 479.8809814453125],
    [-625.6736450195312, 8.996294021606445, 702.025634765625],
    [-592.3936157226562, 11.167802810668945, 606.07568359375],
    [-577.6775512695312, 9.195496559143066, 704.2338256835938],
    [-605.0128173828125, 10.762218475341797, 618.1860961914062],
    [-501.55255126953125, 16.056110382080078, 526.8779296875],
    [-457.5743408203125, 19.945287704467773, 486.3940734863281],
    [-476.329345703125, 18.182451248168945, 503.46893310546875],
    [-528.0589599609375, 14.159358024597168, 550.1360473632812],
    [-572.3606567382812, 11.826089859008789, 588.4826049804688],
    [-637.150390625, 9.076147079467773, 675.580078125],
    [-633.3229370117188, 9.003131866455078, 691.9922485351562],
    [-603.4978637695312, 8.959261894226074, 711.6839599609375],
    [-571.6976928710938, 9.351577758789062, 699.6663208007812],
    [-544.56201171875, 10.411251068115234, 667.0674438476562],
    [-553.3950805664062, 10.126585006713867, 679.6432495117188],
    [-524.4002685546875, 11.38696002960205, 634.0874633789062],
    [-468.7314758300781, 15.456995964050293, 561.3975219726562],
    [-396.015869140625, 31.070131301879883, 367.1176452636719],
    [-409.5404968261719, 31.95988655090332, 354.02935791015625],
    [-538.6292114257812, 13.493440628051758, 558.6842651367188],
    [-510.1352844238281, 12.286688804626465, 613.6220703125],
    [-401.8444519042969, 20.566627502441406, 497.697509765625]
  ],
  "carID": [
    1, 3, 11, 13, 16, 30, 22, 26, 28, 29, 17, 7, 18, 10, 4, 5, 6, 8, 12, 14, 15,
    19, 20, 21, 23, 24, 27, 2, 9, 25, 31
  ],
  "playerCarID": 0,
  "penaltyTime": 0,
  "flag": 8,
  "penalty": 0,
  "isIdealLineOn": false,
  "isInPitLane": false,
  "surfaceGrip": 0,
  "isMandatoryPitDone": true,
  "windSpeed": 0,
  "windDirection": 0,
  "isSetupMenuVisible": false,
  "mainDisplayIndex": 4,
  "secondaryDisplayIndex": 0,
  "tractionControlLevel": 6,
  "tractionControlCut": 0,
  "engineMap": 1,
  "abs": 6,
  "averageFuelConsumptionPerLap": 1078103900,
  "rainLights": 0,
  "flashingLights": 0,
  "lightsStage": 0,
  "exhaustTemperature": 148.62188720703125,
  "wiperLV": 0,
  "driverStintTotalTimeLeft": -1000,
  "driverStintTimeLeft": -201077,
  "rainTyres": 0,
  "sessionIndex": 0,
  "usedFuel": 1.9860038757324219,
  "deltaLapTime": "-:--:---",
  "iDeltaLapTime": 0,
  "estimatedLapTime": "35791:23:647",
  "iEstimatedLapTime": 2147483647,
  "isDeltaPositive": false,
  "iSplit": 131645,
  "isValidLap": true,
  "fuelEstimatedLaps": 19.741445541381836,
  "trackStatus": "FAST",
  "missingMandatoryPits": 0,
  "clock": 54090.18359375,
  "directionLightsLeft": false,
  "directionLightsRight": false,
  "globalYellow": true,
  "globalYellow1": false,
  "globalYellow2": true,
  "globalYellow3": false,
  "globalWhite": false,
  "globalGreen": false,
  "globalChequered": false,
  "globalRed": false,
  "mfdTyreSet": 0,
  "mfdFuelToAdd": 0,
  "mfdTyrePressureLF": 25.600000381469727,
  "mfdTyrePressureRF": 25.600000381469727,
  "mfdTyrePressureLR": 25.200000762939453,
  "mfdTyrePressureRR": 25.200000762939453,
  "trackGripStatus": 1,
  "rainIntensity": 0,
  "rainIntensityIn10min": 0,
  "rainIntensityIn30min": 0,
  "currentTyreSet": 2,
  "strategyTyreSet": 2,
  "gapAhead": 99372,
  "gapBehind": 0
}
