{
  "stepIndex": 83941,
  "throttle": 0,
  "brake": 0,
  "fuel": 60.056034088134766,
  "gear": 1,
  "rpm": 1730,
  "steeringAngle": 0,
  "speedKmh": 0.0035215583629906178,
  "velocity": [
    -0.000309014692902565, -0.00008528575563104823, 0.0009282263927161694
  ],
  "accelerationG": [0, 0, 0],
  "wheelSlipRatio": [
    0.06612325459718704, 0.0675356537103653, 0.06178736314177513,
    0.06249086186289787
  ],
  "wheelLoad": [0, 0, 0, 0],
  "wheelPressure": [
    28.199138641357422, 27.46683120727539, 27.610069274902344, 27.0946102142334
  ],
  "wheelAngularSpeed": [
    -0.0005248910165391862, 0.00026783387875184417, 0.00012564928329084069,
    0.00012564928329084069
  ],
  "tireWear": [0, 0, 0, 0],
  "tireDirtyLevel": [0, 0, 0, 0],
  "tireCoreTemperature": [
    94.58451843261719, 87.88909912109375, 92.61502075195312, 87.98321533203125
  ],
  "wheelCamberRad": [0, 0, 0, 0],
  "suspensionTravel": [
    0.013031804002821445, 0.01285750512033701, 0.018349062651395798,
    0.01793137565255165
  ],
  "drs": 0,
  "tc": false,
  "heading": 1.8392539024353027,
  "pitch": -0.014137757942080498,
  "roll": 0.08942632377147675,
  "cgHeight": 0,
  "carDamage": [
    236.52870178222656, 0, 0.5664371848106384, 0, 237.0951385498047
  ],
  "numberOfTiresOut": 0,
  "pitLimiterOn": 0,
  "abs": 0,
  "kersCharge": 0,
  "kersInput": 0,
  "autoShifterOn": 0,
  "rideHeight": [0, 0],
  "turboBoost": 0,
  "ballast": 0,
  "airDensity": 0,
  "airTemp": 30.73476791381836,
  "roadTemp": 39.10388946533203,
  "localAngularVel": [
    6.563480496879492e-7, 0.000014916050531610381, -0.000004357667421572842
  ],
  "finalFF": 0.014297204092144966,
  "performanceMeter": 0,
  "engineBrake": 0,
  "ersRecoveryLevel": 0,
  "ersPowerLevel": 0,
  "ersHeatCharging": 0,
  "ersIsCharging": false,
  "kersCurrentKJ": 0,
  "drsAvailable": 0,
  "drsEnabled": 0,
  "brakeTemp": [
    292.62451171875, 285.7718811035156, 189.5276641845703, 188.68057250976562
  ],
  "clutch": 0,
  "tireTempI": [0, 0, 0, 0],
  "tireTempM": [0, 0, 0, 0],
  "tireTempO": [0, 0, 0, 0],
  "isAIControlled": false,
  "tireContactPoint": [
    [-406.1216125488281, 29.55860137939453, 378.6705322265625],
    [-405.64892578125, 29.71418571472168, 376.9801025390625],
    [-403.55035400390625, 29.573711395263672, 379.3507385253906],
    [-403.0985107421875, 29.722768783569336, 377.7000427246094]
  ],
  "tireContactNormal": [
    [-0.024779904633760452, 0.9960716366767883, 0.08501318842172623],
    [-0.023626619949936867, 0.9959657788276672, 0.08656714111566544],
    [-0.033249709755182266, 0.9960700273513794, 0.08209140598773956],
    [-0.028977826237678528, 0.9963446855545044, 0.0803452655673027]
  ],
  "tireContactHeading": [
    [0.878755509853363, -0.0188413355499506, 0.4769001007080078],
    [0.9640710949897766, -0.00021919918071944267, 0.2656441926956177],
    [0.9635065197944641, 0.010117149911820889, 0.2674935758113861],
    [0.9650321006774902, 0.006936245132237673, 0.2620398998260498]
  ],
  "brakeBias": 0.75,
  "localVelocity": [
    0.0009805896552279592, 0.000003040064711967716, 0.000052939631132176146
  ],
  "P2PActivations": 0,
  "P2PStatus": 0,
  "currentMaxRpm": 8650,
  "mz": [0, 0, 0, 0],
  "fx": [0, 0, 0, 0],
  "fy": [0, 0, 0, 0],
  "slipRatio": [
    0.00003590189226088114, 0.000004331913260102738, 0.000013167074030207004,
    -0.00000994032234302722
  ],
  "slipAngle": [
    -0.005399556364864111, -0.0055154794827103615, -0.005280437879264355,
    -0.005281040444970131
  ],
  "tcinAction": 0,
  "absInAction": 0,
  "suspensionDamage": [0.628380537033081, 0, 0, 0],
  "tireTemp": [
    94.58451843261719, 87.88909912109375, 92.61502075195312, 87.98321533203125
  ],
  "waterTemp": 76.7767333984375,
  "brakePressure": [0, 0, 0, 0],
  "frontBrakeCompound": 1,
  "rearBrakeCompound": 1,
  "padLife": [
    28.98522186279297, 28.985605239868164, 28.982934951782227,
    28.982988357543945
  ],
  "discLife": [
    31.992612838745117, 31.9928035736084, 31.988971710205078, 31.9890079498291
  ],
  "isIgnitionOn": true,
  "isStarterEngineOn": false,
  "isEngineRunning": true,
  "kerbVibration": 0,
  "slipVibrations": 0.0003193393349647522,
  "gVibrations": 0,
  "absVibrations": 0
}
