{
  "stepIndex": 17242,
  "status": 2,
  "session": 2,
  "currentLapTime": "2:06:592",
  "lastLapTime": "35791:23:647",
  "bestLapTime": "35791:23:647",
  "split": "0:58:092",
  "completedLaps": 0,
  "position": 32,
  "currentLapTimeMs": 126592,
  "lastLapTimeMs": 2147483647,
  "bestLapTimeMs": 2147483647,
  "sessionTimeLeft": 473457,
  "distanceTraveled": 3624.095947265625,
  "isInPit": false,
  "currentSectorIndex": 1,
  "lastSectorTimeMs": 68500,
  "numberOfLaps": 0,
  "tyreCompoundName": "dry_compound",
  "replayTimeMultiplier": 0,
  "normalizedCarPosition": 0.562123715877533,
  "carsOnTrack": 32,
  "carCoordinates": [
    [374.6664733886719, 64.10557556152344, -574.1119384765625],
    [431.3950500488281, 64.6020278930664, -627.9437866210938],
    [507.2925109863281, 64.21388244628906, -773.664306640625],
    [497.57916259765625, 64.02517700195312, -782.8872680664062],
    [446.73583984375, 63.085060119628906, -791.0383911132812],
    [275.2710266113281, 54.221214294433594, -709.961669921875],
    [340.5597839355469, 59.24436569213867, -767.2476806640625],
    [289.4028625488281, 55.46693801879883, -729.3863525390625],
    [302.77984619140625, 56.647117614746094, -744.7471923828125],
    [258.6136169433594, 52.86279296875, -693.8265380859375],
    [460.4270935058594, 63.39263153076172, -792.1002807617188],
    [516.1364135742188, 64.9138412475586, -725.4200439453125],
    [410.1063232421875, 62.10503387451172, -784.7526245117188],
    [516.8819580078125, 64.50603485107422, -755.8707275390625],
    [468.50274658203125, 65.03556823730469, -661.8643798828125],
    [441.3275451660156, 64.7096176147461, -636.8628540039062],
    [445.6759948730469, 64.69137573242188, -645.1152954101562],
    [490.700927734375, 65.17819213867188, -684.7950439453125],
    [518.8592529296875, 64.70954132080078, -740.3224487304688],
    [491.1361999511719, 63.93019104003906, -787.3375244140625],
    [471.1509094238281, 63.54340744018555, -792.0621948242188],
    [435.9632568359375, 62.805118560791016, -789.0897216796875],
    [391.60552978515625, 61.457237243652344, -780.6102905273438],
    [378.0023498535156, 60.95362091064453, -777.857421875],
    [367.3598937988281, 60.52254867553711, -775.3753051757812],
    [324.7020568847656, 58.36115264892578, -760.14453125],
    [282.4923400878906, 54.851112365722656, -720.039306640625],
    [-404.5386047363281, 30.025896072387695, 378.2271728515625],
    [272.7948913574219, 63.182979583740234, -474.9045104980469],
    [497.736083984375, 65.17501068115234, -692.642822265625],
    [316.95184326171875, 57.87175750732422, -755.6251831054688],
    [269.0441589355469, 53.665565490722656, -702.9468383789062]
  ],
  "carID": [
    1, 3, 11, 13, 16, 30, 22, 26, 28, 29, 17, 7, 18, 10, 4, 5, 6, 8, 12, 14, 15,
    19, 20, 21, 23, 24, 27, 2, 9, 25, 31
  ],
  "playerCarID": 0,
  "penaltyTime": 0,
  "flag": 8,
  "penalty": 0,
  "isIdealLineOn": false,
  "isInPitLane": false,
  "surfaceGrip": 0,
  "isMandatoryPitDone": true,
  "windSpeed": 0,
  "windDirection": 0,
  "isSetupMenuVisible": false,
  "mainDisplayIndex": 4,
  "secondaryDisplayIndex": 0,
  "tractionControlLevel": 6,
  "tractionControlCut": 0,
  "engineMap": 1,
  "abs": 6,
  "averageFuelConsumptionPerLap": 1078103900,
  "rainLights": 0,
  "flashingLights": 0,
  "lightsStage": 0,
  "exhaustTemperature": 166.99639892578125,
  "wiperLV": 0,
  "driverStintTotalTimeLeft": -1000,
  "driverStintTimeLeft": -127525,
  "rainTyres": 0,
  "sessionIndex": 0,
  "usedFuel": 1.9439506530761719,
  "deltaLapTime": "-:--:---",
  "iDeltaLapTime": 0,
  "estimatedLapTime": "35791:23:647",
  "iEstimatedLapTime": 2147483647,
  "isDeltaPositive": false,
  "iSplit": 58092,
  "isValidLap": true,
  "fuelEstimatedLaps": 19.755279541015625,
  "trackStatus": "FAST",
  "missingMandatoryPits": 0,
  "clock": 54162.1015625,
  "directionLightsLeft": false,
  "directionLightsRight": false,
  "globalYellow": true,
  "globalYellow1": false,
  "globalYellow2": true,
  "globalYellow3": false,
  "globalWhite": false,
  "globalGreen": false,
  "globalChequered": false,
  "globalRed": false,
  "mfdTyreSet": 0,
  "mfdFuelToAdd": 0,
  "mfdTyrePressureLF": 25.600000381469727,
  "mfdTyrePressureRF": 25.600000381469727,
  "mfdTyrePressureLR": 25.200000762939453,
  "mfdTyrePressureRR": 25.200000762939453,
  "trackGripStatus": 1,
  "rainIntensity": 0,
  "rainIntensityIn10min": 0,
  "rainIntensityIn30min": 0,
  "currentTyreSet": 2,
  "strategyTyreSet": 2,
  "gapAhead": 33746,
  "gapBehind": -138496
}
