{
  "stepIndex": 34092,
  "throttle": 0.20000000298023224,
  "brake": 0,
  "fuel": 29.998653411865234,
  "gear": 0,
  "rpm": 2590,
  "steeringAngle": 0.8999999761581421,
  "speedKmh": 0.0017337317112833261,
  "velocity": [
    -0.0034472134429961443, -0.000022849515517009422, 0.0003956238506361842
  ],
  "accelerationG": [0, 0, 0],
  "wheelSlipRatio": [
    0.03796665370464325, 0.013696291483938694, 0.006591669749468565,
    0.0065817455761134624
  ],
  "wheelLoad": [
    2454.1181640625, 2589.958251953125, 2561.3525390625, 2463.749755859375
  ],
  "wheelPressure": [
    40.63999938964844, 40.63999938964844, 40.63999938964844, 40.63999938964844
  ],
  "wheelAngularSpeed": [
    -0.00022562489903066307, 0, -0.0023528600577265024, -0.0023528600577265024
  ],
  "tireWear": [
    98.99999237060547, 98.99999237060547, 98.99999237060547, 98.99999237060547
  ],
  "tireDirtyLevel": [0, 0, 0, 0],
  "tireCoreTemperature": [80, 80, 80, 80],
  "wheelCamberRad": [
    -0.04893740639090538, -0.017254773527383804, 0.00022550213907379657,
    0.00022550213907379657
  ],
  "suspensionTravel": [
    0.026875734329223633, 0.02942037582397461, 0.027063049376010895,
    0.026810385286808014
  ],
  "drs": 0,
  "tc": false,
  "heading": -3.135751485824585,
  "pitch": -0.00812913104891777,
  "roll": 0.02078447863459587,
  "cgHeight": 0.48767852783203125,
  "carDamage": [0, 0, 0, 0, 0],
  "numberOfTiresOut": 0,
  "pitLimiterOn": 0,
  "abs": 0,
  "kersCharge": 0,
  "kersInput": 0,
  "autoShifterOn": 0,
  "rideHeight": [0.14286231994628906, 0.14385509490966797],
  "turboBoost": 0,
  "ballast": 0,
  "airDensity": 1.2430000305175781,
  "airTemp": 12,
  "roadTemp": 13,
  "localAngularVel": [
    0.000012310191777942237, -0.001752323005348444, 0.001872269669547677
  ],
  "finalFF": 0.00026191366487182677,
  "performanceMeter": 0,
  "engineBrake": 0,
  "ersRecoveryLevel": 0,
  "ersPowerLevel": 0,
  "ersHeatCharging": 0,
  "ersIsCharging": false,
  "kersCurrentKJ": 0,
  "drsAvailable": 0,
  "drsEnabled": 0,
  "brakeTemp": [12, 12, 12, 12],
  "clutch": 0,
  "tireTempI": [80, 80, 80, 80],
  "tireTempM": [80, 80, 80, 80],
  "tireTempO": [80, 80, 80, 80],
  "isAIControlled": true,
  "tireContactPoint": [
    [-312.360595703125, 7.612024307250977, 367.7933349609375],
    [-310.98809814453125, 7.640138626098633, 367.8659973144531],
    [-312.3775939941406, 7.620410919189453, 370.2065734863281],
    [-310.9878845214844, 7.6486406326293945, 370.2144470214844]
  ],
  "tireContactNormal": [
    [-0.02028817869722843, 0.9997876286506653, -0.0036174566484987736],
    [-0.02028817869722843, 0.9997876286506653, -0.0036174566484987736],
    [-0.02028817869722843, 0.9997876286506653, -0.0036174566484987736],
    [-0.02028817869722843, 0.9997876286506653, -0.0036174566484987736]
  ],
  "tireContactHeading": [
    [-0.706061601638794, -0.011765855364501476, 0.7080526351928711],
    [-0.749987006187439, -0.012826266698539257, 0.6613281965255737],
    [-0.005743276793509722, 0.0035015984904021025, 0.9999773502349854],
    [-0.005743276793509722, 0.0035015984904021025, 0.9999773502349854]
  ],
  "brakeBias": 0.6699999570846558,
  "localVelocity": [
    0.003444644855335355, 0.0000453713619208429, -0.00041555313509888947
  ],
  "P2PActivations": 0,
  "P2PStatus": 0,
  "currentMaxRpm": 8000,
  "mz": [0, 0, 0, 0],
  "fx": [0, 0, 0, 0],
  "fy": [0, 0, 0, 0],
  "slipRatio": [0, 0, 0, 0],
  "slipAngle": [0, 0, 0, 0],
  "tcinAction": 0,
  "absInAction": 0,
  "suspensionDamage": [0, 0, 0, 0],
  "tireTemp": [0, 0, 0, 0],
  "waterTemp": 0,
  "brakePressure": [0, 0, 0, 0],
  "frontBrakeCompound": 0,
  "rearBrakeCompound": 0,
  "padLife": [0, 0, 0, 0],
  "discLife": [0, 0, 0, 0],
  "isIgnitionOn": false,
  "isStarterEngineOn": false,
  "isEngineRunning": false,
  "kerbVibration": 0,
  "slipVibrations": 0,
  "gVibrations": 0,
  "absVibrations": 0
}
