{
  "stepIndex": 84373,
  "status": 2,
  "session": 2,
  "currentLapTime": "-:--:---",
  "lastLapTime": "35791:23:647",
  "bestLapTime": "35791:23:647",
  "split": "28:11:708",
  "completedLaps": 0,
  "position": 1,
  "currentLapTimeMs": 0,
  "lastLapTimeMs": 2147483647,
  "bestLapTimeMs": 2147483647,
  "sessionTimeLeft": 600000,
  "distanceTraveled": 3.563816547393799,
  "isInPit": false,
  "currentSectorIndex": 0,
  "lastSectorTimeMs": 0,
  "numberOfLaps": 0,
  "tyreCompoundName": "dry_compound",
  "replayTimeMultiplier": 0,
  "normalizedCarPosition": 0.8700307607650757,
  "carsOnTrack": 32,
  "carCoordinates": [
    [185.9969940185547, 47.77183151245117, -673.7932739257812],
    [149.5655517578125, 45.12424850463867, -665.22509765625],
    [114.17041778564453, 42.84721755981445, -656.6358642578125],
    [103.04896545410156, 42.186370849609375, -653.9182739257812],
    [79.71028137207031, 40.848819732666016, -648.2398681640625],
    [20.079343795776367, 37.93122100830078, -628.4579467773438],
    [70.42892456054688, 40.34300231933594, -646.0090942382812],
    [39.19093704223633, 38.740962982177734, -638.47509765625],
    [31.85833168029785, 38.46772384643555, -631.2398071289062],
    [29.239559173583984, 38.27424621582031, -636.060791015625],
    [117.35681915283203, 43.17979049682617, -652.085205078125],
    [165.16961669921875, 46.36310958862305, -663.7880859375],
    [90.84027862548828, 41.49302291870117, -650.9583129882812],
    [161.70333862304688, 45.99031448364258, -668.1138916015625],
    [174.05706787109375, 46.88396453857422, -671.0377807617188],
    [152.9077911376953, 45.46676254272461, -660.7733764648438],
    [141.123046875, 44.67451095581055, -657.8617553710938],
    [137.78433227539062, 44.339317321777344, -662.4244384765625],
    [129.48773193359375, 43.92095947265625, -655.0001831054688],
    [125.95364379882812, 43.57622146606445, -659.5466918945312],
    [106.15184783935547, 42.465065002441406, -649.29345703125],
    [95.04920196533203, 41.805213928222656, -646.5914306640625],
    [72.0579833984375, 40.50946044921875, -641.0537719726562],
    [61.304962158203125, 39.93586730957031, -638.4544677734375],
    [58.494441986083984, 39.71738052368164, -643.2322387695312],
    [50.955078125, 39.402427673339844, -635.9696655273438],
    [40.55052185058594, 38.887760162353516, -633.431640625],
    [189.76107788085938, 48.165283203125, -669.9812622070312],
    [177.60911560058594, 47.264591217041016, -666.7340087890625],
    [82.89584350585938, 41.10490036010742, -643.6137084960938],
    [47.95488357543945, 39.175079345703125, -640.6712646484375],
    [17.39858627319336, 37.743064880371094, -633.26220703125],
    [0, 0, 0],
    [0, 0, 0],
    [0, 0, 0],
    [0, 0, 0],
    [0, 0, 0],
    [0, 0, 0],
    [0, 0, 0],
    [0, 0, 0],
    [0, 0, 0],
    [0, 0, 0],
    [0, 0, 0],
    [0, 0, 0],
    [0, 0, 0],
    [0, 0, 0],
    [0, 0, 0],
    [0, 0, 0],
    [0, 0, 0],
    [0, 0, 0],
    [0, 0, 0],
    [0, 0, 0],
    [0, 0, 0],
    [0, 0, 0],
    [0, 0, 0],
    [0, 0, 0],
    [0, 0, 0],
    [0, 0, 0],
    [0, 0, 0],
    [0, 0, 0]
  ],
  "carID": [
    1, 7, 13, 15, 19, 30, 21, 27, 28, 29, 12, 4, 17, 5, 3, 6, 8, 9, 10, 11, 14,
    16, 20, 22, 23, 24, 26, 0, 2, 18, 25, 31, 0, 0, 0, 0, 0, 0, 0, 0, 0, 0, 0,
    0, 0, 0, 0, 0, 0, 0, 0, 0, 0, 0, 0, 0, 0, 0, 0, 0
  ],
  "playerCarID": 0,
  "penaltyTime": 0,
  "flag": 0,
  "penalty": 0,
  "isIdealLineOn": true,
  "isInPitLane": false,
  "surfaceGrip": 0,
  "isMandatoryPitDone": true,
  "windSpeed": 0,
  "windDirection": 0,
  "isSetupMenuVisible": false,
  "mainDisplayIndex": 4,
  "secondaryDisplayIndex": 0,
  "tractionControlLevel": 6,
  "tractionControlCut": 0,
  "engineMap": 1,
  "abs": 6,
  "averageFuelConsumptionPerLap": 1078103900,
  "rainLights": 0,
  "flashingLights": 0,
  "lightsStage": 0,
  "exhaustTemperature": 148.61553955078125,
  "wiperLV": 0,
  "driverStintTotalTimeLeft": -1000,
  "driverStintTimeLeft": -1000,
  "rainTyres": 0
}
