{
  "stepIndex": 145268,
  "status": 3,
  "session": 2,
  "currentLapTime": "-:--:---",
  "lastLapTime": "35791:23:647",
  "bestLapTime": "35791:23:647",
  "split": "47:11:048",
  "completedLaps": 0,
  "position": 1,
  "currentLapTimeMs": 0,
  "lastLapTimeMs": 2147483647,
  "bestLapTimeMs": 2147483647,
  "sessionTimeLeft": 600000,
  "distanceTraveled": 210.2986297607422,
  "isInPit": false,
  "currentSectorIndex": 0,
  "lastSectorTimeMs": 0,
  "numberOfLaps": 0,
  "tyreCompoundName": "dry_compound",
  "replayTimeMultiplier": 0,
  "normalizedCarPosition": 0.9099183678627014,
  "carsOnTrack": 32,
  "carCoordinates": [
    [353.0778503417969, 60.02040100097656, -773.5014038085938],
    [293.68792724609375, 56.34038543701172, -743.6238403320312],
    [255.9178009033203, 52.735897064208984, -693.54736328125],
    [239.86619567871094, 51.87321472167969, -687.91455078125],
    [198.3006134033203, 48.705501556396484, -676.5369873046875],
    [96.72236633300781, 41.91524887084961, -646.24462890625],
    [175.32801818847656, 46.979496002197266, -671.0383911132812],
    [121.11322021484375, 43.29206848144531, -657.27490234375],
    [112.60421752929688, 42.86226272583008, -649.9768676757812],
    [99.86298370361328, 41.99559020996094, -652.8311157226562],
    [260.9041442871094, 53.00869369506836, -690.3543090820312],
    [313.84503173828125, 57.734764099121094, -755.1158447265625],
    [212.3274383544922, 49.833473205566406, -680.4264526367188],
    [304.6692199707031, 57.48908615112305, -756.576171875],
    [334.8103332519531, 59.1934700012207, -769.1890869140625],
    [300.5066223144531, 56.49513244628906, -743.2191162109375],
    [289.50482177734375, 55.42601013183594, -728.0712890625],
    [284.4556579589844, 55.25724411010742, -728.47216796875],
    [281.67596435546875, 54.50062942504883, -711.9226684570312],
    [276.3315124511719, 54.29818344116211, -711.1299438476562],
    [248.19163513183594, 52.30295181274414, -685.1568603515625],
    [233.9681854248047, 51.46463394165039, -680.6332397460938],
    [192.1037139892578, 48.365421295166016, -669.5825805664062],
    [168.0055389404297, 46.5669059753418, -663.9605102539062],
    [163.56976318359375, 46.127647399902344, -668.2683715820312],
    [155.4052276611328, 45.657840728759766, -660.8134155273438],
    [142.40785217285156, 44.77447509765625, -657.3988647460938],
    [356.79351806640625, 59.89168930053711, -769.3493041992188],
    [344.1257629394531, 59.33163833618164, -766.42138671875],
    [206.29554748535156, 49.429508209228516, -673.1915283203125],
    [151.26705932617188, 45.252357482910156, -665.186767578125],
    [88.64522552490234, 41.375858306884766, -649.2540893554688]
  ],
  "carID": [
    1, 7, 13, 15, 19, 30, 21, 27, 28, 29, 12, 4, 17, 5, 3, 6, 8, 9, 10, 11, 14,
    16, 20, 22, 23, 24, 26, 2, 18, 25, 31
  ],
  "playerCarID": 0,
  "penaltyTime": 0,
  "flag": 0,
  "penalty": 0,
  "isIdealLineOn": true,
  "isInPitLane": false,
  "surfaceGrip": 0,
  "isMandatoryPitDone": true,
  "windSpeed": 0,
  "windDirection": 0,
  "isSetupMenuVisible": false,
  "mainDisplayIndex": 4,
  "secondaryDisplayIndex": 0,
  "tractionControlLevel": 6,
  "tractionControlCut": 0,
  "engineMap": 1,
  "abs": 6,
  "averageFuelConsumptionPerLap": 1078103900,
  "rainLights": 0,
  "flashingLights": 0,
  "lightsStage": 0,
  "exhaustTemperature": 267.59783935546875,
  "wiperLV": 0,
  "driverStintTotalTimeLeft": -1000,
  "driverStintTimeLeft": -1000,
  "rainTyres": 0,
  "sessionIndex": 0,
  "usedFuel": 0,
  "deltaLapTime": "-:--:---",
  "iDeltaLapTime": 0,
  "estimatedLapTime": "35791:23:647",
  "iEstimatedLapTime": 2147483647,
  "isDeltaPositive": false,
  "iSplit": 2831048,
  "isValidLap": true,
  "fuelEstimatedLaps": 20.394737243652344,
  "trackStatus": "FAST",
  "missingMandatoryPits": 0,
  "clock": 56819.0703125,
  "directionLightsLeft": false,
  "directionLightsRight": false,
  "globalYellow": false,
  "globalYellow1": false,
  "globalYellow2": false,
  "globalYellow3": false,
  "globalWhite": false,
  "globalGreen": false,
  "globalChequered": false,
  "globalRed": true,
  "mfdTyreSet": 0,
  "mfdFuelToAdd": 0,
  "mfdTyrePressureLF": 25.600000381469727,
  "mfdTyrePressureRF": 25.600000381469727,
  "mfdTyrePressureLR": 25.200000762939453,
  "mfdTyrePressureRR": 25.200000762939453,
  "trackGripStatus": 1,
  "rainIntensity": 0,
  "rainIntensityIn10min": 0,
  "rainIntensityIn30min": 0,
  "currentTyreSet": 2,
  "strategyTyreSet": 2,
  "gapAhead": 225527,
  "gapBehind": -101
}
