{
  "stepIndex": 1893396,
  "throttle": 0,
  "brake": 0,
  "fuel": 62,
  "gear": 2,
  "rpm": 5788,
  "steeringAngle": 0,
  "speedKmh": 106.72396087646484,
  "velocity": [-21.2401065826416, -0.09812690317630768, 20.678747177124023],
  "accelerationG": [
    -0.020991025492548943, -0.00030432635685428977, -0.05182734131813049
  ],
  "wheelSlipRatio": [
    0.07416754215955734, 0.08451670408248901, 0.11696851253509521,
    0.12703615427017212
  ],
  "wheelLoad": [0, 0, 0, 0],
  "wheelPressure": [
    24.1273136138916, 23.731910705566406, 23.242582321166992, 23.18606948852539
  ],
  "wheelAngularSpeed": [
    87.19598388671875, 87.12870788574219, 83.85591888427734, 83.85591888427734
  ],
  "tireWear": [0, 0, 0, 0],
  "tireDirtyLevel": [0, 0, 0, 0],
  "tireCoreTemperature": [
    52.41630554199219, 48.29751968383789, 47.36701202392578, 46.778343200683594
  ],
  "wheelCamberRad": [0, 0, 0, 0],
  "suspensionTravel": [
    0.014362892135977745, 0.014384523965418339, 0.01922914758324623,
    0.0182536318898201
  ],
  "drs": 0,
  "tc": false,
  "heading": 0.7980266213417053,
  "pitch": -0.013755924068391323,
  "roll": -0.018520018085837364,
  "cgHeight": 0,
  "carDamage": [0, 0, 0, 0, 0],
  "numberOfTyresOut": 0,
  "pitLimiterOn": 0,
  "abs": 0,
  "kersCharge": 0,
  "kersInput": 0,
  "autoShifterOn": 1,
  "rideHeight": [0, 0],
  "turboBoost": 0,
  "ballast": 0,
  "airDensity": 0,
  "airTemp": 30.36480712890625,
  "roadTemp": 37.905399322509766,
  "localAngularVel": [
    -0.028443878516554832, 0.00010556938650552183, 0.011083376593887806
  ],
  "finalFF": -0.014090869575738907,
  "performanceMeter": 0,
  "engineBrake": 0,
  "ersRecoveryLevel": 0,
  "ersPowerLevel": 0,
  "ersHeatCharging": 0,
  "ersIsCharging": false,
  "kersCurrentKJ": 0,
  "drsAvailable": 0,
  "drsEnabled": 0,
  "brakeTemp": [
    37.38472366333008, 37.38472366333008, 37.27975082397461, 37.279422760009766
  ],
  "clutch": 1,
  "tyreTempI": [0, 0, 0, 0],
  "tyreTempM": [0, 0, 0, 0],
  "tyreTempO": [0, 0, 0, 0],
  "isAIControlled": false,
  "tyreContactPoint": [
    [373.1784973144531, 63.74003982543945, -570.8449096679688],
    [371.95416259765625, 63.706912994384766, -572.1011962890625],
    [375.062744140625, 63.74992752075195, -572.7091674804688],
    [373.8662109375, 63.71762466430664, -573.9367065429688]
  ],
  "tyreContactNormal": [
    [-0.015996523201465607, 0.9998143315315247, -0.01074119471013546],
    [-0.016055835410952568, 0.9998153448104858, -0.010554326698184013],
    [-0.016671977937221527, 0.9998307228088379, -0.007779095787554979],
    [-0.01567164622247219, 0.9998063445091248, -0.011892683804035187]
  ],
  "tyreContactHeading": [
    [0.7151479125022888, 0.003932922147214413, -0.6989620923995972],
    [0.7170442938804626, 0.004156986251473427, -0.6970152258872986],
    [0.7179221510887146, 0.00655532069504261, -0.6960925459861755],
    [0.7142436504364014, 0.0028703464195132256, -0.6998912692070007]
  ],
  "brakeBias": 0.75,
  "localVelocity": [
    -0.01686052791774273, 0.31001216173171997, 29.64229965209961
  ],
  "P2PActivations": 0,
  "P2PStatus": 0,
  "currentMaxRpm": 8650,
  "mz": [0, 0, 0, 0],
  "fx": [0, 0, 0, 0],
  "fy": [0, 0, 0, 0],
  "slipRatio": [
    -0.00021274712344165891, -0.0006531589315272868, -0.0017068252200260758,
    -0.001697055995464325
  ],
  "slipAngle": [
    0.002002800814807415, -0.0013705432647839189, -0.0031951633282005787,
    0.004166748374700546
  ],
  "tcinAction": 0,
  "absInAction": 0,
  "suspensionDamage": [0, 0, 0, 0],
  "tyreTemp": [
    52.41630554199219, 48.29751968383789, 47.36701202392578, 46.778343200683594
  ],
  "waterTemp": 79.63197326660156,
  "brakePressure": [0, 0, 0, 0],
  "frontBrakeCompound": 1,
  "rearBrakeCompound": 1,
  "padLife": [
    29.000001907348633, 29.000001907348633, 29.000001907348633,
    29.000001907348633
  ],
  "discLife": [32, 32, 32, 32],
  "isIgnitionOn": true,
  "isStarterEngineOn": false,
  "isEngineRunning": true,
  "kerbVibration": 0,
  "slipVibrations": 0.00412334967404604,
  "gVibrations": 0.008920951746404171,
  "absVibrations": 0
}
